<?xml version="1.0" encoding="UTF-8"?>
<root>
  <item name="com.yalantis.ucrop.PictureMultiCuttingActivity.GestureTypes">
    <annotation name="android.support.annotation.IntDef">
      <val name="value" val="{com.yalantis.ucrop.PictureMultiCuttingActivity.NONE, com.yalantis.ucrop.PictureMultiCuttingActivity.SCALE, com.yalantis.ucrop.PictureMultiCuttingActivity.ROTATE, com.yalantis.ucrop.PictureMultiCuttingActivity.ALL}" />
    </annotation>
  </item>
  <item name="com.yalantis.ucrop.UCrop.Options void setAllowedGestures(int, int, int) 0">
    <annotation name="android.support.annotation.IntDef">
      <val name="value" val="{com.yalantis.ucrop.UCropActivity.NONE, com.yalantis.ucrop.UCropActivity.SCALE, com.yalantis.ucrop.UCropActivity.ROTATE, com.yalantis.ucrop.UCropActivity.ALL}" />
    </annotation>
  </item>
  <item name="com.yalantis.ucrop.UCrop.Options void setAllowedGestures(int, int, int) 1">
    <annotation name="android.support.annotation.IntDef">
      <val name="value" val="{com.yalantis.ucrop.UCropActivity.NONE, com.yalantis.ucrop.UCropActivity.SCALE, com.yalantis.ucrop.UCropActivity.ROTATE, com.yalantis.ucrop.UCropActivity.ALL}" />
    </annotation>
  </item>
  <item name="com.yalantis.ucrop.UCrop.Options void setAllowedGestures(int, int, int) 2">
    <annotation name="android.support.annotation.IntDef">
      <val name="value" val="{com.yalantis.ucrop.UCropActivity.NONE, com.yalantis.ucrop.UCropActivity.SCALE, com.yalantis.ucrop.UCropActivity.ROTATE, com.yalantis.ucrop.UCropActivity.ALL}" />
    </annotation>
  </item>
  <item name="com.yalantis.ucrop.UCropActivity.GestureTypes">
    <annotation name="android.support.annotation.IntDef">
      <val name="value" val="{com.yalantis.ucrop.UCropActivity.NONE, com.yalantis.ucrop.UCropActivity.SCALE, com.yalantis.ucrop.UCropActivity.ROTATE, com.yalantis.ucrop.UCropActivity.ALL}" />
    </annotation>
  </item>
  <item name="com.yalantis.ucrop.UCropMulti.Options void setAllowedGestures(int, int, int) 0">
    <annotation name="android.support.annotation.IntDef">
      <val name="value" val="{com.yalantis.ucrop.PictureMultiCuttingActivity.NONE, com.yalantis.ucrop.PictureMultiCuttingActivity.SCALE, com.yalantis.ucrop.PictureMultiCuttingActivity.ROTATE, com.yalantis.ucrop.PictureMultiCuttingActivity.ALL}" />
    </annotation>
  </item>
  <item name="com.yalantis.ucrop.UCropMulti.Options void setAllowedGestures(int, int, int) 1">
    <annotation name="android.support.annotation.IntDef">
      <val name="value" val="{com.yalantis.ucrop.PictureMultiCuttingActivity.NONE, com.yalantis.ucrop.PictureMultiCuttingActivity.SCALE, com.yalantis.ucrop.PictureMultiCuttingActivity.ROTATE, com.yalantis.ucrop.PictureMultiCuttingActivity.ALL}" />
    </annotation>
  </item>
  <item name="com.yalantis.ucrop.UCropMulti.Options void setAllowedGestures(int, int, int) 2">
    <annotation name="android.support.annotation.IntDef">
      <val name="value" val="{com.yalantis.ucrop.PictureMultiCuttingActivity.NONE, com.yalantis.ucrop.PictureMultiCuttingActivity.SCALE, com.yalantis.ucrop.PictureMultiCuttingActivity.ROTATE, com.yalantis.ucrop.PictureMultiCuttingActivity.ALL}" />
    </annotation>
  </item>
</root>

