<?xml version="1.0" encoding="UTF-8"?>
<root>
  <item name="me.dkzwm.widget.srl.indicator.DefaultIndicator mStatus">
    <annotation name="android.support.annotation.IntDef">
      <val name="value" val="{me.dkzwm.widget.srl.config.Constants.MOVING_CONTENT, me.dkzwm.widget.srl.config.Constants.MOVING_FOOTER, me.dkzwm.widget.srl.config.Constants.MOVING_HEADER}" />
    </annotation>
  </item>
  <item name="me.dkzwm.widget.srl.indicator.DefaultIndicator void setMovingStatus(int) 0">
    <annotation name="android.support.annotation.IntDef">
      <val name="value" val="{me.dkzwm.widget.srl.config.Constants.MOVING_CONTENT, me.dkzwm.widget.srl.config.Constants.MOVING_FOOTER, me.dkzwm.widget.srl.config.Constants.MOVING_HEADER}" />
    </annotation>
  </item>
  <item name="me.dkzwm.widget.srl.indicator.IIndicator int getMovingStatus()">
    <annotation name="android.support.annotation.IntDef">
      <val name="value" val="{me.dkzwm.widget.srl.config.Constants.MOVING_CONTENT, me.dkzwm.widget.srl.config.Constants.MOVING_FOOTER, me.dkzwm.widget.srl.config.Constants.MOVING_HEADER}" />
    </annotation>
  </item>
  <item name="me.dkzwm.widget.srl.indicator.IIndicator.IOffsetCalculator float calculate(int, int, float) 0">
    <annotation name="android.support.annotation.IntDef">
      <val name="value" val="{me.dkzwm.widget.srl.config.Constants.MOVING_CONTENT, me.dkzwm.widget.srl.config.Constants.MOVING_FOOTER, me.dkzwm.widget.srl.config.Constants.MOVING_HEADER}" />
    </annotation>
  </item>
  <item name="me.dkzwm.widget.srl.indicator.IIndicatorSetter void setMovingStatus(int) 0">
    <annotation name="android.support.annotation.IntDef">
      <val name="value" val="{me.dkzwm.widget.srl.config.Constants.MOVING_CONTENT, me.dkzwm.widget.srl.config.Constants.MOVING_FOOTER, me.dkzwm.widget.srl.config.Constants.MOVING_HEADER}" />
    </annotation>
  </item>
</root>

