<?xml version="1.0" encoding="UTF-8"?>
<root>
  <item name="me.dkzwm.widget.srl.annotation.Action">
    <annotation name="android.support.annotation.IntDef">
      <val name="value" val="{me.dkzwm.widget.srl.config.Constants.ACTION_NOTIFY, me.dkzwm.widget.srl.config.Constants.ACTION_AT_ONCE, me.dkzwm.widget.srl.config.Constants.ACTION_NOTHING}" />
    </annotation>
  </item>
  <item name="me.dkzwm.widget.srl.annotation.Mode">
    <annotation name="android.support.annotation.IntDef">
      <val name="value" val="{me.dkzwm.widget.srl.config.Constants.MODE_DEFAULT, me.dkzwm.widget.srl.config.Constants.MODE_SCALE}" />
    </annotation>
  </item>
  <item name="me.dkzwm.widget.srl.annotation.MovingStatus">
    <annotation name="android.support.annotation.IntDef">
      <val name="value" val="{me.dkzwm.widget.srl.config.Constants.MOVING_CONTENT, me.dkzwm.widget.srl.config.Constants.MOVING_FOOTER, me.dkzwm.widget.srl.config.Constants.MOVING_HEADER}" />
    </annotation>
  </item>
</root>

