<?xml version="1.0" encoding="UTF-8"?>
<root>
  <item name="me.dkzwm.widget.srl.AbsClassicRefreshView mStyle">
    <annotation name="android.support.annotation.IntDef">
      <val name="value" val="{me.dkzwm.widget.srl.extra.IRefreshView.STYLE_DEFAULT, me.dkzwm.widget.srl.extra.IRefreshView.STYLE_SCALE, me.dkzwm.widget.srl.extra.IRefreshView.STYLE_PIN, me.dkzwm.widget.srl.extra.IRefreshView.STYLE_FOLLOW_SCALE, me.dkzwm.widget.srl.extra.IRefreshView.STYLE_FOLLOW_PIN, me.dkzwm.widget.srl.extra.IRefreshView.STYLE_FOLLOW_CENTER}" />
    </annotation>
  </item>
  <item name="me.dkzwm.widget.srl.AbsClassicRefreshView void setStyle(int) 0">
    <annotation name="android.support.annotation.IntDef">
      <val name="value" val="{me.dkzwm.widget.srl.extra.IRefreshView.STYLE_DEFAULT, me.dkzwm.widget.srl.extra.IRefreshView.STYLE_SCALE, me.dkzwm.widget.srl.extra.IRefreshView.STYLE_PIN, me.dkzwm.widget.srl.extra.IRefreshView.STYLE_FOLLOW_SCALE, me.dkzwm.widget.srl.extra.IRefreshView.STYLE_FOLLOW_PIN, me.dkzwm.widget.srl.extra.IRefreshView.STYLE_FOLLOW_CENTER}" />
    </annotation>
  </item>
  <item name="me.dkzwm.widget.srl.SmoothRefreshLayout mMode">
    <annotation name="android.support.annotation.IntDef">
      <val name="value" val="{me.dkzwm.widget.srl.config.Constants.MODE_DEFAULT, me.dkzwm.widget.srl.config.Constants.MODE_SCALE}" />
    </annotation>
  </item>
  <item name="me.dkzwm.widget.srl.SmoothRefreshLayout void autoLoadMore(int, boolean) 0">
    <annotation name="android.support.annotation.IntDef">
      <val name="value" val="{me.dkzwm.widget.srl.config.Constants.ACTION_NOTIFY, me.dkzwm.widget.srl.config.Constants.ACTION_AT_ONCE, me.dkzwm.widget.srl.config.Constants.ACTION_NOTHING}" />
    </annotation>
  </item>
  <item name="me.dkzwm.widget.srl.SmoothRefreshLayout void autoRefresh(int, boolean) 0">
    <annotation name="android.support.annotation.IntDef">
      <val name="value" val="{me.dkzwm.widget.srl.config.Constants.ACTION_NOTIFY, me.dkzwm.widget.srl.config.Constants.ACTION_AT_ONCE, me.dkzwm.widget.srl.config.Constants.ACTION_NOTHING}" />
    </annotation>
  </item>
  <item name="me.dkzwm.widget.srl.SmoothRefreshLayout void setMode(int) 0">
    <annotation name="android.support.annotation.IntDef">
      <val name="value" val="{me.dkzwm.widget.srl.config.Constants.MODE_DEFAULT, me.dkzwm.widget.srl.config.Constants.MODE_SCALE}" />
    </annotation>
  </item>
</root>

