<?xml version="1.0" encoding="UTF-8"?>
<root>
  <item name="me.dkzwm.widget.srl.extra.IRefreshView int getStyle()">
    <annotation name="android.support.annotation.IntDef">
      <val name="value" val="{me.dkzwm.widget.srl.extra.IRefreshView.STYLE_DEFAULT, me.dkzwm.widget.srl.extra.IRefreshView.STYLE_SCALE, me.dkzwm.widget.srl.extra.IRefreshView.STYLE_PIN, me.dkzwm.widget.srl.extra.IRefreshView.STYLE_FOLLOW_SCALE, me.dkzwm.widget.srl.extra.IRefreshView.STYLE_FOLLOW_PIN, me.dkzwm.widget.srl.extra.IRefreshView.STYLE_FOLLOW_CENTER}" />
    </annotation>
  </item>
  <item name="me.dkzwm.widget.srl.extra.IRefreshView int getType()">
    <annotation name="android.support.annotation.IntDef">
      <val name="value" val="{me.dkzwm.widget.srl.extra.IRefreshView.TYPE_HEADER, me.dkzwm.widget.srl.extra.IRefreshView.TYPE_FOOTER}" />
    </annotation>
  </item>
  <item name="me.dkzwm.widget.srl.extra.IRefreshView.RefreshViewStyle">
    <annotation name="android.support.annotation.IntDef">
      <val name="value" val="{me.dkzwm.widget.srl.extra.IRefreshView.STYLE_DEFAULT, me.dkzwm.widget.srl.extra.IRefreshView.STYLE_SCALE, me.dkzwm.widget.srl.extra.IRefreshView.STYLE_PIN, me.dkzwm.widget.srl.extra.IRefreshView.STYLE_FOLLOW_SCALE, me.dkzwm.widget.srl.extra.IRefreshView.STYLE_FOLLOW_PIN, me.dkzwm.widget.srl.extra.IRefreshView.STYLE_FOLLOW_CENTER}" />
    </annotation>
  </item>
  <item name="me.dkzwm.widget.srl.extra.IRefreshView.RefreshViewType">
    <annotation name="android.support.annotation.IntDef">
      <val name="value" val="{me.dkzwm.widget.srl.extra.IRefreshView.TYPE_HEADER, me.dkzwm.widget.srl.extra.IRefreshView.TYPE_FOOTER}" />
    </annotation>
  </item>
</root>

